<?xml version="1.0" encoding="UTF-8"?>
<project-private xmlns="http://www.netbeans.org/ns/project-private/1">
    <editor-bookmarks xmlns="http://www.netbeans.org/ns/editor-bookmarks/2" lastBookmarkId="0"/>
    <open-files xmlns="http://www.netbeans.org/ns/projectui-open-files/2">
        <group>
            <file>file:/E:/codes/JAva/All%20java%20swing%20projects/java%20project/LibraryManagement/src/librarymanagement/Login.java</file>
            <file>file:/E:/codes/JAva/All%20java%20swing%20projects/java%20project/LibraryManagement/src/librarymanagement/Loading.java</file>
            <file>file:/E:/codes/JAva/All%20java%20swing%20projects/java%20project/LibraryManagement/src/librarymanagement/About.java</file>
        </group>
    </open-files>
</project-private>
